first_name,last_name,email
Georg,Spurryer,gspurryer34@dagondesign.com
Xymenes,Willerstone,xwillerstone35@youtube.com
Justis,Greensides,jgreensides36@bloomberg.com
Kit,Moehler,kmoehler37@princeton.edu
Dalis,Egdale,degdale38@constantcontact.com
Kin,Bruton,kbruton39@about.com
Rem,Mingaud,rmingaud3a@addtoany.com
Ingelbert,Mallinson,imallinson3b@ehow.com
Yorgos,Martinon,ymartinon3c@godaddy.com
Gunilla,Troubridge,gtroubridge3d@51.la
Beverley,Anthoin,banthoin3e@miitbeian.gov.cn
Ursala,Quirke,uquirke3f@edublogs.org
Waly,Harty,wharty3g@reverbnation.com
Nessie,Cossor,ncossor3h@vimeo.com
Joanna,Eaken,jeaken3i@mozilla.org
Gnni,Etchingham,getchingham3j@godaddy.com
Ruthann,Girth,rgirth3k@ox.ac.uk
Mady,Gorusso,mgorusso3l@etsy.com
Ricki,Chimes,rchimes3m@friendfeed.com
Siffre,Rouby,srouby3n@howstuffworks.com
Aleen,Gotecliffe,agotecliffe3o@twitpic.com
Kaylee,Kamien,kkamien3p@newsvine.com
Horst,Swaby,hswaby3q@hugedomains.com
Karlee,Arling,karling3r@pen.io
Barb,Kuhne,bkuhne3s@nps.gov
Robinet,Aldersley,raldersley3t@wsj.com
Northrop,Snelgar,nsnelgar3u@toplist.cz
Hugibert,Poltun,hpoltun3v@dailymail.co.uk
Harmonia,Haking,hhaking3w@gizmodo.com
Mozelle,Chalice,mchalice3x@home.pl
Josiah,Cunah,jcunah3y@who.int
Earvin,Sargint,esargint3z@marriott.com
Wyn,Fantin,wfantin40@freewebs.com
Gardener,Mancer,gmancer41@cbc.ca
Thaddus,Noads,tnoads42@techcrunch.com
Kathrine,De Blasi,kdeblasi43@usa.gov
Brittne,Millis,bmillis44@chronoengine.com
Sheridan,Nunes Nabarro,snunesnabarro45@google.fr
Ileane,Pryell,ipryell46@arizona.edu
Eleen,Winkless,ewinkless47@disqus.com
Bobby,Duquesnay,bduquesnay48@github.io
Ignacio,Stukings,istukings49@php.net
Dinah,Dewen,ddewen4a@posterous.com
Winny,Merill,wmerill4b@weebly.com
Aviva,Duignan,aduignan4c@ox.ac.uk
Lazar,Laminman,llaminman4d@go.com
Brook,Westall,bwestall4e@google.it
Madge,Battman,mbattman4f@auda.org.au
Reta,Hanster,rhanster4g@w3.org
Garth,McClounan,gmcclounan4h@fema.gov
Gwennie,Wife,gwife4i@unicef.org
Erda,Krienke,ekrienke4j@admin.ch
Corinne,Euels,ceuels4k@wikispaces.com
Gabriella,Kumaar,gkumaar4l@apache.org
D'arcy,O'Collopy,docollopy4m@spotify.com
Enrico,Quillinane,equillinane4n@behance.net
Benny,Gaine of England,bgaineofengland4o@dion.ne.jp
Marylee,Powder,mpowder4p@digg.com
Reilly,Balsdone,rbalsdone4q@businessweek.com
Anastasia,Rocca,arocca4r@fotki.com
Palmer,Casely,pcasely4s@scribd.com
Luce,Soares,lsoares4t@chronoengine.com
Carleen,Foort,cfoort4u@altervista.org
Sheela,Rackley,srackley4v@bizjournals.com
Bernie,Avrahamov,bavrahamov4w@yale.edu
Arnoldo,Sanz,asanz4x@tumblr.com
Cacilia,Abate,cabate4y@craigslist.org
Jean,Donnison,jdonnison4z@youtu.be
Ximenes,Nekrews,xnekrews50@nature.com
Crosby,McDowall,cmcdowall51@bloomberg.com
Abner,Backshall,abackshall52@google.it
Phil,Tarr,ptarr53@google.co.jp
Kareem,Bartolomeu,kbartolomeu54@cnbc.com
Kacy,Cleugher,kcleugher55@instagram.com
Dyana,Garahan,dgarahan56@livejournal.com
Nicoline,Patel,npatel57@123-reg.co.uk
Claribel,Trood,ctrood58@typepad.com
Caprice,Tivnan,ctivnan59@oakley.com
Eleanora,Bezzant,ebezzant5a@topsy.com
Carmelina,Torrecilla,ctorrecilla5b@wikipedia.org
Bendicty,Mawhinney,bmawhinney5c@hud.gov
Betsy,Houndesome,bhoundesome5d@theglobeandmail.com
Teodoro,Van de Vlies,tvandevlies5e@scientificamerican.com
Cesare,Spinozzi,cspinozzi5f@posterous.com
Lea,Ivanilov,livanilov5g@army.mil
Jo,Durnall,jdurnall5h@google.co.jp
Minor,Baldrey,mbaldrey5i@posterous.com
Sherye,Beare,sbeare5j@sfgate.com
Barnaby,McGinny,bmcginny5k@indiegogo.com
Tyrus,Kmiec,tkmiec5l@si.edu
Chere,Dewis,cdewis5m@spiegel.de
Ezri,Vallery,evallery5n@nymag.com
Georgeanne,Laurent,glaurent5o@china.com.cn
Ara,Grunson,agrunson5p@sina.com.cn
Coralyn,Fassam,cfassam5q@army.mil
Matt,Dalziell,mdalziell5r@1und1.de
Wat,Andryszczak,wandryszczak5s@ca.gov
Jelene,Prestney,jprestney5t@themeforest.net
Karoly,Caudray,kcaudray5u@stumbleupon.com
Car,Dooly,cdooly5v@last.fm
Jasmina,Faulkener,jfaulkener5w@pcworld.com
Daisie,Gullane,dgullane5x@altervista.org
Mort,Risely,mrisely5y@wikipedia.org
Bary,Mallindine,bmallindine5z@indiatimes.com
Anna-maria,O'Scandall,aoscandall60@eventbrite.com
Fairleigh,Toghill,ftoghill61@howstuffworks.com
Meggy,Berks,mberks62@princeton.edu
Pierce,Cozby,pcozby63@state.tx.us
Darrin,Lynas,dlynas64@ameblo.jp
Cedric,Gelland,cgelland65@elegantthemes.com
Juliane,Foggarty,jfoggarty66@msu.edu
Jody,Edelston,jedelston67@jugem.jp
Leighton,Beadnall,lbeadnall68@vkontakte.ru
Gusti,Packer,gpacker69@upenn.edu
Mariele,Pedersen,mpedersen6a@auda.org.au
Haven,Bottjer,hbottjer6b@thetimes.co.uk
Wainwright,Prendergast,wprendergast6c@earthlink.net
Elyn,Nitto,enitto6d@ehow.com
Kelila,Bastiman,kbastiman6e@istockphoto.com
Corette,Hebbron,chebbron6f@tripadvisor.com
Ardyth,Clewes,aclewes6g@livejournal.com
Fidelio,Pauling,fpauling6h@dropbox.com
Waite,Le Fevre,wlefevre6i@friendfeed.com
Benton,Clemenson,bclemenson6j@timesonline.co.uk
Jenda,Gerbl,jgerbl6k@smugmug.com
Reina,Underhill,runderhill6l@nba.com
Graehme,Seaward,gseaward6m@wikipedia.org
Ertha,Cromett,ecromett6n@yellowpages.com
Taddeo,Dunsmore,tdunsmore6o@statcounter.com
Henri,Vautier,hvautier6p@ocn.ne.jp
Fabe,Dobel,fdobel6q@independent.co.uk
Sheeree,Corbyn,scorbyn6r@opera.com
Griffy,Neachell,gneachell6s@vk.com
Mitchel,Dorsett,mdorsett6t@techcrunch.com
Madlin,Barltrop,mbarltrop6u@angelfire.com
Ruthi,Ewers,rewers6v@twitpic.com
Cortie,Offner,coffner6w@blinklist.com
Dawn,Meedendorpe,dmeedendorpe6x@marketwatch.com
Tallia,Langthorne,tlangthorne6y@gizmodo.com
Valry,Snoddy,vsnoddy6z@bing.com
Harlen,Ranscomb,hranscomb70@163.com
Desi,Ivasechko,divasechko71@freewebs.com
Marya,Armstead,marmstead72@umich.edu
Hillard,Upshall,hupshall73@seattletimes.com
Guenna,Scrafton,gscrafton74@amazon.com
Ertha,Buesnel,ebuesnel75@unesco.org
Giraldo,Cyster,gcyster76@yelp.com
Alysa,Klimes,aklimes77@economist.com
Julietta,Kleingrub,jkleingrub78@xinhuanet.com
Keely,cornhill,kcornhill79@bbb.org
Luther,Korneluk,lkorneluk7a@mozilla.com
Gerda,Rassmann,grassmann7b@com.com
Burnaby,Yarnley,byarnley7c@zimbio.com
Cly,Spellacey,cspellacey7d@timesonline.co.uk
Elwin,Overlow,eoverlow7e@yolasite.com
Carly,Plewes,cplewes7f@illinois.edu
Ardyth,Abrahams,aabrahams7g@vkontakte.ru
Loralyn,Trudgian,ltrudgian7h@symantec.com
Isaak,Polfer,ipolfer7i@businesswire.com
Micky,Ownsworth,mownsworth7j@pcworld.com
Saunder,Simonsson,ssimonsson7k@mit.edu
Analiese,Renton,arenton7l@hexun.com
Mabelle,Perrie,mperrie7m@bing.com
Finlay,Peniello,fpeniello7n@va.gov
Nealson,Dobbison,ndobbison7o@omniture.com
Georgi,Hubbocks,ghubbocks7p@flickr.com
Jessi,Pawlett,jpawlett7q@ning.com
Lanie,Moles,lmoles7r@jigsy.com
Morie,Gasgarth,mgasgarth7s@guardian.co.uk
Aguistin,Lutz,alutz7t@go.com
Stevy,Layton,slayton7u@webeden.co.uk
Xerxes,Rizzardi,xrizzardi7v@weibo.com
Jo,Reddish,jreddish7w@earthlink.net
Margaux,Holworth,mholworth7x@geocities.com
Margareta,Dunge,mdunge7y@squarespace.com
Cassandra,Sired,csired7z@bloomberg.com
Nicolette,McClymond,nmcclymond80@last.fm
Mariam,Gier,mgier81@shop-pro.jp
Eadmund,Sallarie,esallarie82@mysql.com
Wang,Cawker,wcawker83@ifeng.com
Kayne,Bonsey,kbonsey84@dot.gov
Vally,Ebbins,vebbins85@issuu.com
Sayer,Dingivan,sdingivan86@paypal.com
Chrissy,Cheeseman,ccheeseman87@skype.com
Dorothea,De Vere,ddevere88@youtu.be
Ursuline,Shewen,ushewen89@google.com.br
Leonerd,Ravenscraft,lravenscraft8a@time.com
Arliene,Barford,abarford8b@slashdot.org
Jenica,Prahl,jprahl8c@elpais.com
Jana,Cripin,jcripin8d@census.gov
Sharity,Bolden,sbolden8e@hubpages.com
Krystalle,Carlino,kcarlino8f@dagondesign.com
Adolphus,Botwood,abotwood8g@wunderground.com
Christabella,Gobeaux,cgobeaux8h@t.co
Melloney,Upchurch,mupchurch8i@netvibes.com
Caressa,Sandyfirth,csandyfirth8j@deviantart.com
Redd,Poat,rpoat8k@delicious.com
Gisela,Jedrzejkiewicz,gjedrzejkiewicz8l@ocn.ne.jp
Brenna,Larvent,blarvent8m@nih.gov
Penny,McPhelimy,pmcphelimy8n@newyorker.com
Alissa,Ethelstone,aethelstone8o@unicef.org
Garrott,Dunrige,gdunrige8p@sitemeter.com
Aurea,Pashley,apashley8q@youtu.be
Jodie,Adamovicz,jadamovicz8r@ycombinator.com
Bartel,Sallnow,bsallnow8s@nps.gov
Joane,McBayne,jmcbayne8t@bigcartel.com
Thurston,Beushaw,tbeushaw8u@meetup.com
Melli,Wennington,mwennington8v@sogou.com
Everard,Balsdon,ebalsdon8w@auda.org.au
Stefano,Packman,spackman8x@rambler.ru
Cookie,Gosenell,cgosenell8y@npr.org
Jecho,McGeachy,jmcgeachy8z@ucoz.ru
Skip,Wolseley,swolseley90@amazonaws.com
Clerkclaude,Harrinson,charrinson91@phoca.cz
Kerri,Treherne,ktreherne92@cornell.edu
Jordain,Esser,jesser93@ucoz.ru
Isaiah,Misselbrook,imisselbrook94@moonfruit.com
Sherrie,Smaling,ssmaling95@purevolume.com
Doy,Hugh,dhugh96@devhub.com
Zorine,Kennicott,zkennicott97@list-manage.com
Benetta,Gurys,bgurys98@gravatar.com
Chiquia,Ivakhnov,civakhnov99@goo.ne.jp
Alexandra,Christie,achristie9a@google.ca
Jewel,Doumerque,jdoumerque9b@de.vu
Martica,Cowx,mcowx9c@shutterfly.com
Mercedes,Stonhard,mstonhard9d@home.pl
Hew,Gatehouse,hgatehouse9e@mashable.com
Obadias,Cicculi,ocicculi9f@alexa.com
Munmro,Pietzke,mpietzke9g@kickstarter.com
Marrilee,Stranks,mstranks9h@tiny.cc
Lannie,Stollen,lstollen9i@virginia.edu
Corny,Eilhertsen,ceilhertsen9j@telegraph.co.uk
Fowler,Pelerin,fpelerin9k@123-reg.co.uk
Engelbert,Swansborough,eswansborough9l@dailymotion.com
Peggi,Holston,pholston9m@cnbc.com
Jasmin,Valencia,jvalencia9n@google.com.au
Alexandr,Skein,askein9o@nbcnews.com
Mandy,Bilbrey,mbilbrey9p@shutterfly.com
Malynda,Ladds,mladds9q@comsenz.com
Dominique,Labdon,dlabdon9r@vkontakte.ru
Nevin,Jansky,njansky9s@furl.net
Rufus,O'Cullinane,rocullinane9t@tamu.edu
Torr,Ellsworthe,tellsworthe9u@shareasale.com
Ulick,Emerton,uemerton9v@imageshack.us
Sigismond,Di Biasio,sdibiasio9w@1688.com
Rey,Simenot,rsimenot9x@deviantart.com
Matty,Baton,mbaton9y@miibeian.gov.cn
Dion,Tante,dtante9z@hugedomains.com
Bruce,Bront,bbronta0@geocities.com
Shell,Darlaston,sdarlastona1@netvibes.com
Pavlov,Wyldbore,pwyldborea2@4shared.com
Gav,Pearmain,gpearmaina3@cornell.edu
Allayne,Guilbert,aguilberta4@creativecommons.org
Vale,Limmer,vlimmera5@ovh.net
Bryn,Witts,bwittsa6@businessweek.com
Zane,Crews,zcrewsa7@squidoo.com
Ritchie,Handforth,rhandfortha8@yahoo.co.jp
Grayce,Morigan,gmorigana9@rediff.com
Hyatt,Klamp,hklampaa@indiegogo.com
Yves,Sollas,ysollasab@addthis.com
Nels,Berford,nberfordac@rambler.ru
Eddi,McGennis,emcgennisad@ask.com
Goraud,Scane,gscaneae@nbcnews.com
Roshelle,Verrechia,rverrechiaaf@devhub.com
Guglielma,MacKaile,gmackaileag@soup.io
Galvin,Sawer,gsawerah@comsenz.com
Ingmar,Bullivent,ibulliventai@live.com
Deedee,Klimpt,dklimptaj@elpais.com
Alfie,Vasentsov,avasentsovak@plala.or.jp
Kasey,Jinks,kjinksal@redcross.org
Annalee,Oloshin,aoloshinam@globo.com
Eliza,Laxen,elaxenan@mysql.com
Rudy,Bikker,rbikkerao@friendfeed.com
Mandi,Daffern,mdaffernap@gravatar.com
Salim,Brayford,sbrayfordaq@biblegateway.com
Garek,Fonso,gfonsoar@samsung.com
Meg,Layborn,mlaybornas@vinaora.com
Jordana,Clevely,jclevelyat@reverbnation.com
Janelle,Ivashintsov,jivashintsovau@wunderground.com
Gordon,Udie,gudieav@seattletimes.com
Dur,Engeham,dengehamaw@economist.com
Horst,Tristram,htristramax@reverbnation.com
Courtenay,Simunek,csimunekay@yahoo.co.jp
Bride,Penhearow,bpenhearowaz@a8.net
Fawne,Bredgeland,fbredgelandb0@amazonaws.com
Melania,Oakinfold,moakinfoldb1@cnet.com
Rochette,Reeday,rreedayb2@opera.com
Calli,Lunt,cluntb3@nps.gov
Tuck,Tsar,ttsarb4@usatoday.com
Lorena,Freegard,lfreegardb5@weibo.com
Bobbee,Rome,bromeb6@hugedomains.com
Arnoldo,Lewinton,alewintonb7@imdb.com
Burg,Klement,bklementb8@facebook.com
Enrica,Bazeley,ebazeleyb9@smh.com.au
Austine,Christoffersen,achristoffersenba@boston.com
Modesta,Dominka,mdominkabb@senate.gov
Averil,Lorant,alorantbc@dedecms.com
Jake,Bovingdon,jbovingdonbd@ftc.gov
Annalee,Corbally,acorballybe@storify.com
Thorvald,Rivalant,trivalantbf@yale.edu
Menard,Giacobillo,mgiacobillobg@quantcast.com
Lorraine,Primrose,lprimrosebh@jigsy.com
Land,Settle,lsettlebi@tumblr.com
Sallyann,MacRirie,smacririebj@imgur.com
Teddie,Martino,tmartinobk@wisc.edu
Siobhan,Tinsley,stinsleybl@who.int
Jane,Zanicchelli,jzanicchellibm@home.pl
Marylin,Donnison,mdonnisonbn@nhs.uk
Lammond,Yegorshin,lyegorshinbo@pagesperso-orange.fr
Farly,Hardaker,fhardakerbp@bing.com
Fredra,Covert,fcovertbq@uol.com.br
Bronson,McAlester,bmcalesterbr@google.co.uk
Lissa,Hardwick,lhardwickbs@cisco.com
Leroy,Neilly,lneillybt@livejournal.com
Cyrille,Lunnon,clunnonbu@hibu.com
Adolphe,Lynn,alynnbv@1688.com
Vernen,Pattemore,vpattemorebw@jiathis.com
Ofelia,Sarrell,osarrellbx@de.vu
Freedman,Bikker,fbikkerby@tuttocitta.it
Deerdre,Probbing,dprobbingbz@opensource.org
Verene,Silley,vsilleyc0@jimdo.com
Creighton,Shelp,cshelpc1@who.int
Paulette,Farlambe,pfarlambec2@home.pl
Chiquita,Odams,codamsc3@uol.com.br
Evvie,O'Bradane,eobradanec4@squidoo.com
Jeramie,Holtham,jholthamc5@goodreads.com
Janette,Berthomier,jberthomierc6@zimbio.com
Lynnet,Hampton,lhamptonc7@seesaa.net
Otto,Koppeck,okoppeckc8@shinystat.com
Mei,Sacks,msacksc9@deviantart.com
Carolina,Francklyn,cfrancklynca@phpbb.com
Felicity,Tabour,ftabourcb@umich.edu
Seth,Marlor,smarlorcc@telegraph.co.uk
Lezley,Renwick,lrenwickcd@adobe.com
Reinhold,Matevushev,rmatevushevce@harvard.edu
Prentice,Elkin,pelkincf@examiner.com
Rafael,Alasdair,ralasdaircg@wikispaces.com
Hillery,Hadlow,hhadlowch@webs.com
Kerby,Tumbridge,ktumbridgeci@woothemes.com
Holmes,Jiggins,hjigginscj@desdev.cn
Neile,Drewson,ndrewsonck@uiuc.edu
Artemis,Maggill'Andreis,amaggillandreiscl@prweb.com
Nicolais,Artois,nartoiscm@ebay.com
Margaretha,Cicccitti,mcicccitticn@last.fm
Gay,Blood,gbloodco@free.fr
Fairfax,Binyon,fbinyoncp@unicef.org
Shelby,Piet,spietcq@ca.gov
Wolfgang,Vearncombe,wvearncombecr@nih.gov
Addie,Lloyds,alloydscs@jugem.jp
Fania,Davidou,fdavidouct@sfgate.com
Toby,Farrar,tfarrarcu@house.gov
Amabel,Burgyn,aburgyncv@dropbox.com
Noel,Skewis,nskewiscw@springer.com
Horatius,Steer,hsteercx@statcounter.com
Freeman,Bloodworthe,fbloodworthecy@nydailynews.com
Josey,Fitzsymon,jfitzsymoncz@nba.com
Marcellina,Blamey,mblameyd0@businesswire.com
Desmund,Attyeo,dattyeod1@theatlantic.com
Garwin,Abeles,gabelesd2@acquirethisname.com
Alvis,Malster,amalsterd3@is.gd
Kevon,Carnduff,kcarnduffd4@weather.com
Tommie,Dymocke,tdymocked5@example.com
Cassondra,Digwood,cdigwoodd6@infoseek.co.jp
Cloe,Scrinage,cscrinaged7@biblegateway.com
Ian,Teece,iteeced8@hao123.com
Rozele,Kynder,rkynderd9@g.co
Audrie,Neubigin,aneubiginda@unblog.fr
Jeffie,Pietzner,jpietznerdb@nyu.edu
Kathy,Le Fleming,kleflemingdc@theglobeandmail.com
Quentin,Eldridge,qeldridgedd@sbwire.com
Alvira,Byrcher,abyrcherde@i2i.jp
Rodrick,Sholem,rsholemdf@deliciousdays.com
Marijo,Halms,mhalmsdg@cnbc.com
Kania,Keave,kkeavedh@theatlantic.com
Odetta,Abbet,oabbetdi@huffingtonpost.com
Amby,Avent,aaventdj@trellian.com
Hubert,Giacomini,hgiacominidk@typepad.com
Hamlin,Wyche,hwychedl@blog.com
Clarissa,Kubacki,ckubackidm@springer.com
Edgard,Stithe,estithedn@utexas.edu
Gwenni,Yakubovich,gyakubovichdo@timesonline.co.uk
Abbie,Mawd,amawddp@plala.or.jp
Bengt,Skitral,bskitraldq@bravesites.com
Ingamar,Sherwyn,isherwyndr@google.com.hk
Imogene,Suero,isuerods@webs.com
Pamelina,Bompass,pbompassdt@blogspot.com
Flint,Ingre,fingredu@statcounter.com
Israel,Winnard,iwinnarddv@dailymotion.com
Augusto,Kermannes,akermannesdw@shutterfly.com
Jeniece,Dreini,jdreinidx@t.co
Konstantin,Betteriss,kbetterissdy@virginia.edu
Dwight,Wilsher,dwilsherdz@cyberchimps.com
Thatch,Rosenbusch,trosenbusche0@blogtalkradio.com
Edwin,Scarsbrook,escarsbrooke1@github.io
Becca,Siggee,bsiggeee2@dropbox.com
Daffy,Poulney,dpoulneye3@cloudflare.com
Clemmie,Kytter,ckyttere4@latimes.com
Andree,Allot,aallote5@tinyurl.com
Saundra,Maldin,smaldine6@prlog.org
Rurik,Spalding,rspaldinge7@nytimes.com
Missy,McGiffin,mmcgiffine8@printfriendly.com
Ranice,Lansly,rlanslye9@163.com
Sioux,Eggle,seggleea@reverbnation.com
Jemimah,Kneeshaw,jkneeshaweb@time.com
Kristy,Verbeke,kverbekeec@cbsnews.com
Pattin,Bayman,pbaymaned@narod.ru
Gae,Gammett,ggammettee@cbsnews.com
Suzann,Sibbald,ssibbaldef@mayoclinic.com
Gretchen,Kealy,gkealyeg@nsw.gov.au
Karina,Dimitresco,kdimitrescoeh@comsenz.com
Fran,Gullivent,fgulliventei@arstechnica.com
Rosabel,Eastabrook,reastabrookej@devhub.com
Mellie,Normanville,mnormanvilleek@yolasite.com
Abdul,Giddens,agiddensel@chronoengine.com
Walliw,Asaaf,wasaafem@de.vu
Nollie,Renne,nrenneen@about.com
Clyde,Shingles,cshingleseo@usnews.com
Katrine,Gresty,kgrestyep@sina.com.cn
Elinor,McEvay,emcevayeq@youtube.com
Torrie,Petrolli,tpetrollier@plala.or.jp
Kleon,Banville,kbanvillees@topsy.com
Moyra,MacLaren,mmaclarenet@blog.com
Gris,Whittek,gwhittekeu@wufoo.com
Nessi,Thaine,nthaineev@forbes.com
Wilt,Tallis,wtallisew@ask.com
Gran,Cussons,gcussonsex@barnesandnoble.com
Maxie,Gatty,mgattyey@yahoo.com
Lorin,Howson,lhowsonez@smugmug.com
Vicki,Fossey,vfosseyf0@npr.org
Elie,Chettoe,echettoef1@yellowpages.com
Asher,Keer,akeerf2@digg.com
Wendel,Kynoch,wkynochf3@craigslist.org
Puff,Elderidge,pelderidgef4@thetimes.co.uk
Abeu,Glossup,aglossupf5@jiathis.com
Maryanne,Juleff,mjulefff6@economist.com
Philly,Tulley,ptulleyf7@phoca.cz
Breena,Bultitude,bbultitudef8@so-net.ne.jp
Thorvald,Maughan,tmaughanf9@earthlink.net
Keefer,Robiou,krobioufa@constantcontact.com
Carlie,Geertje,cgeertjefb@google.pl
Flss,Kestell,fkestellfc@theglobeandmail.com
Mackenzie,Warlock,mwarlockfd@angelfire.com
Cyb,Hustler,chustlerfe@adobe.com
Gavrielle,Bernardeau,gbernardeauff@cnn.com
Ninetta,Demeter,ndemeterfg@google.ru
Randy,Kira,rkirafh@yandex.ru
Bevon,Akroyd,bakroydfi@ameblo.jp
Wendel,Danigel,wdanigelfj@apache.org
Maddalena,Huot,mhuotfk@washington.edu
Lonnie,Runge,lrungefl@cargocollective.com
Tallou,Scase,tscasefm@answers.com
Noelyn,Levison,nlevisonfn@yahoo.co.jp
Thain,Jackes,tjackesfo@cnbc.com
Suzette,Whitmore,swhitmorefp@sina.com.cn
Quent,Edginton,qedgintonfq@intel.com
Neile,Sangra,nsangrafr@devhub.com
Wolfgang,Croxall,wcroxallfs@dell.com
Adler,Pren,aprenft@virginia.edu
Wood,Debney,wdebneyfu@buzzfeed.com
Ivette,Davidovicz,idavidoviczfv@timesonline.co.uk
Field,Loveman,flovemanfw@i2i.jp
Karla,Cornill,kcornillfx@mediafire.com
Jeremy,Phillps,jphillpsfy@spiegel.de
Sherill,Herion,sherionfz@vimeo.com
Gordie,Stanworth,gstanworthg0@cisco.com
Karoly,Rosenberg,krosenbergg1@google.fr
Beverie,Streather,bstreatherg2@behance.net
Gauthier,Bourke,gbourkeg3@ocn.ne.jp
Jean,Maiklem,jmaiklemg4@scientificamerican.com
Curtice,Kirlin,ckirling5@opera.com
Wolf,Gadsden,wgadsdeng6@sohu.com
Drusie,Afonso,dafonsog7@rakuten.co.jp
Jonell,Taplin,jtapling8@t.co
Jessamyn,Tine,jtineg9@themeforest.net
Hilary,Korneichik,hkorneichikga@360.cn
Tatiana,Lanphier,tlanphiergb@narod.ru
Jamie,MacAdie,jmacadiegc@webeden.co.uk
Em,Parlour,eparlourgd@whitehouse.gov
Natka,Kittle,nkittlege@cbc.ca
Farley,Leakner,fleaknergf@ycombinator.com
Arlyn,Halson,ahalsongg@deliciousdays.com
Ulla,Becom,ubecomgh@cam.ac.uk
Caesar,Chidwick,cchidwickgi@meetup.com
Major,Alleyn,malleyngj@nationalgeographic.com
Chaunce,Hostan,chostangk@businessinsider.com
Griffith,Eccleshall,geccleshallgl@bluehost.com
Haley,Espinola,hespinolagm@google.ca
Cacilia,Gagen,cgagengn@cbsnews.com
Barbara-anne,Gedling,bgedlinggo@chicagotribune.com
Nara,Strippling,nstripplinggp@biblegateway.com
Nataniel,Greschik,ngreschikgq@parallels.com
Ardyce,Merwede,amerwedegr@163.com
Elizabeth,Pelchat,epelchatgs@bigcartel.com
Lenore,Fishly,lfishlygt@dell.com
Goldina,Kinder,gkindergu@wikispaces.com
Sherwood,Carslake,scarslakegv@shutterfly.com
Cecilius,Gounod,cgounodgw@xinhuanet.com
Shurlocke,Pretorius,spretoriusgx@disqus.com
Nessi,Binney,nbinneygy@google.ca
Monica,Gavrielli,mgavrielligz@bluehost.com
Ilario,Murch,imurchh0@scientificamerican.com
Domini,Casassa,dcasassah1@goo.ne.jp
Enoch,Pasfield,epasfieldh2@businessinsider.com
Delcine,Hayman,dhaymanh3@flickr.com
Juieta,Biernacki,jbiernackih4@digg.com
Blondell,Kreutzer,bkreutzerh5@va.gov
Gertrud,Cordaroy,gcordaroyh6@statcounter.com
Dermot,Lawful,dlawfulh7@nydailynews.com
Larisa,Mushet,lmusheth8@youtu.be
Ariel,Aldcorne,aaldcorneh9@deliciousdays.com
Northrup,Gobolos,ngobolosha@myspace.com
Kacey,Letrange,kletrangehb@ow.ly
Lilith,Hasell,lhasellhc@reference.com
Artair,Greeve,agreevehd@home.pl
Kiley,Lightowler,klightowlerhe@jiathis.com
Chelsey,Greenan,cgreenanhf@telegraph.co.uk
Jolene,Obeney,jobeneyhg@cbsnews.com
Nedda,Stringman,nstringmanhh@cbslocal.com
Randa,Gauthorpp,rgauthorpphi@wisc.edu
Natasha,Malthouse,nmalthousehj@bbc.co.uk
Shoshanna,Rollings,srollingshk@google.co.jp
Laureen,Balkwill,lbalkwillhl@elegantthemes.com
Cody,Shewry,cshewryhm@topsy.com
Lolita,McCrow,lmccrowhn@bloomberg.com
Zandra,Simonson,zsimonsonho@wiley.com
Gayel,Calton,gcaltonhp@uiuc.edu
Ritchie,Andrag,randraghq@deliciousdays.com
Lizzie,Wahncke,lwahnckehr@artisteer.com
Mendel,Lawden,mlawdenhs@privacy.gov.au
Maryanne,Larter,mlarterht@discuz.net
Clifford,Skelhorn,cskelhornhu@com.com
Rob,Scrimgeour,rscrimgeourhv@cbslocal.com
Culley,Pressman,cpressmanhw@nbcnews.com
Henrik,Shimman,hshimmanhx@vistaprint.com
Jemimah,Nowland,jnowlandhy@dot.gov
Briney,Truman,btrumanhz@bandcamp.com
Lorin,March,lmarchi0@amazon.com
Abran,Hartly,ahartlyi1@blogspot.com
Harmon,Geffen,hgeffeni2@newyorker.com
Loren,Franzen,lfranzeni3@privacy.gov.au
Tamra,de Zamora,tdezamorai4@hostgator.com
Babbie,Detoile,bdetoilei5@washingtonpost.com
Rasia,Abrahmson,rabrahmsoni6@census.gov
Murry,Cain,mcaini7@ftc.gov
Gabrielle,Dew,gdewi8@google.ru
Hebert,Parkhouse,hparkhousei9@woothemes.com
Danni,Hessay,dhessayia@wikimedia.org
Rancell,Lyte,rlyteib@discovery.com
Jazmin,Velte,jvelteic@berkeley.edu
Serge,Spitell,sspitellid@cnn.com
Ira,Penfold,ipenfoldie@mapy.cz
Alayne,Roylance,aroylanceif@ezinearticles.com
Clare,Bellow,cbellowig@stumbleupon.com
Ulises,Hanhart,uhanhartih@sakura.ne.jp
Ax,Rediers,arediersii@indiegogo.com
Antin,Osborn,aosbornij@princeton.edu
Leighton,Carter,lcarterik@rambler.ru
Joseph,Posse,jposseil@flickr.com
Ange,Tadman,atadmanim@businessweek.com
Marlee,MacFadzean,mmacfadzeanin@xrea.com
Junie,Graddon,jgraddonio@webs.com
Bjorn,Divall,bdivallip@bloomberg.com
Rivalee,Henden,rhendeniq@de.vu
Lorne,Longmaid,llongmaidir@php.net
Abigael,Bosket,abosketis@biglobe.ne.jp
Cherish,Leinthall,cleinthallit@deviantart.com
Farrel,Badwick,fbadwickiu@reuters.com
Debby,Draper,ddraperiv@state.gov
Haily,Aime,haimeiw@blogs.com
Kim,Brabban,kbrabbanix@feedburner.com
Ulysses,Orfeur,uorfeuriy@github.io
Osbert,Heading,oheadingiz@spotify.com
Der,Gilbart,dgilbartj0@goo.ne.jp
Sasha,Gierck,sgierckj1@weibo.com
Nikolas,Zanre,nzanrej2@photobucket.com
Peri,Leverett,pleverettj3@github.io
Amii,Jacobsz,ajacobszj4@mozilla.org
Lorelle,Ackerman,lackermanj5@163.com
Valerie,Wallbridge,vwallbridgej6@de.vu
Wendy,Biskup,wbiskupj7@apple.com
Zara,Ramsier,zramsierj8@nasa.gov
Orlando,Baughan,obaughanj9@blog.com
Jolie,Cookney,jcookneyja@github.io
Angelique,Kenningley,akenningleyjb@gizmodo.com
Babara,Aizik,baizikjc@thetimes.co.uk
Hastie,Androck,handrockjd@moonfruit.com
Gizela,Buesden,gbuesdenje@opera.com
Sydelle,Antrum,santrumjf@csmonitor.com
Elwin,Hugenin,ehugeninjg@blinklist.com
Tannie,MacCoughen,tmaccoughenjh@tamu.edu
Shanna,Ceschini,sceschiniji@comsenz.com
Rhiamon,Demaid,rdemaidjj@xrea.com
Fidela,Dellenbrook,fdellenbrookjk@clickbank.net
Livvy,Klemz,lklemzjl@bigcartel.com
Carine,Daintree,cdaintreejm@usa.gov
Staford,Ashard,sashardjn@spiegel.de
Jakie,Gullifant,jgullifantjo@bbc.co.uk
Anallese,Bartot,abartotjp@marketwatch.com
Dore,Mahaddie,dmahaddiejq@opensource.org
Giacomo,Yurshev,gyurshevjr@nyu.edu
Christoforo,Foister,cfoisterjs@people.com.cn
Shane,Karpets,skarpetsjt@photobucket.com
Brigham,Legges,bleggesju@nationalgeographic.com
Laughton,Simner,lsimnerjv@pbs.org
Ofella,Ivimey,oivimeyjw@zimbio.com
Marie-jeanne,Riddock,mriddockjx@instagram.com
Hurleigh,Ind,hindjy@cdc.gov
Debra,Linford,dlinfordjz@aboutads.info
Georg,Stollwerk,gstollwerkk0@mapy.cz
Anthony,Worrall,aworrallk1@auda.org.au
Grissel,MacGowing,gmacgowingk2@ca.gov
Forrester,Molyneux,fmolyneuxk3@blogtalkradio.com
Vanessa,Mc Meekan,vmcmeekank4@odnoklassniki.ru
Zelig,Grumble,zgrumblek5@mlb.com
Marin,Yurocjhin,myurocjhink6@themeforest.net
Waylon,Crumpe,wcrumpek7@constantcontact.com
Aigneis,Pollicote,apollicotek8@hao123.com
Tonya,Gawthorpe,tgawthorpek9@chron.com
Farrell,Fifield,ffifieldka@i2i.jp
Corabella,Cabell,ccabellkb@columbia.edu
Welsh,Partrick,wpartrickkc@soup.io
Mischa,Batistelli,mbatistellikd@pcworld.com
Layla,Bibey,lbibeyke@ehow.com
Germain,Yerlett,gyerlettkf@reference.com
Judith,Lapham,jlaphamkg@livejournal.com
Lamont,Waymont,lwaymontkh@ebay.co.uk
Pavlov,Dunnett,pdunnettki@usa.gov
Ryon,Matiasek,rmatiasekkj@chronoengine.com
Trista,Gorse,tgorsekk@ucsd.edu
Estrella,Wellbeloved,ewellbelovedkl@istockphoto.com
Dun,Beardmore,dbeardmorekm@usa.gov
Allison,Eglese,aeglesekn@google.nl
Kingsly,Duffrie,kduffrieko@mashable.com
Jeannette,Walsom,jwalsomkp@netlog.com
Gordan,Galland,ggallandkq@wikimedia.org
Merrile,De Cruze,mdecruzekr@usa.gov
Debera,Summergill,dsummergillks@gnu.org
Talia,Hollingby,thollingbykt@forbes.com
Scotti,Newnham,snewnhamku@cnet.com
Fenelia,Lavigne,flavignekv@angelfire.com
Jesse,Berceros,jberceroskw@irs.gov
Adolphe,Postan,apostankx@aboutads.info
Morganne,Raulstone,mraulstoneky@google.it
Berny,Ginnaly,bginnalykz@bandcamp.com
Pierre,Tomaino,ptomainol0@toplist.cz
Winfred,Sibbering,wsibberingl1@facebook.com
Laural,Spurrier,lspurrierl2@accuweather.com
Dot,Jubert,djubertl3@tuttocitta.it
Carroll,Bouch,cbouchl4@biglobe.ne.jp
Gareth,Aldwick,galdwickl5@tinypic.com
Juan,Evesque,jevesquel6@tumblr.com
Vivia,Markham,vmarkhaml7@woothemes.com
Krishnah,Paulin,kpaulinl8@yandex.ru
Thekla,Bennetts,tbennettsl9@newyorker.com
Louisa,Phinn,lphinnla@bravesites.com
Gladys,Darnody,gdarnodylb@youtu.be
Cirillo,Blackaller,cblackallerlc@independent.co.uk
Morey,Yarham,myarhamld@networksolutions.com
Joyous,Pietroni,jpietronile@yelp.com
Loralie,McDermid,lmcdermidlf@yellowpages.com
Shane,Mariner,smarinerlg@columbia.edu
Spenser,Keijser,skeijserlh@google.com.br
Cosmo,Tran,ctranli@pen.io
Lemmie,Jancic,ljanciclj@jimdo.com
Farleigh,Vauter,fvauterlk@wunderground.com
Melly,Keoghan,mkeoghanll@cafepress.com
Josephina,Parsons,jparsonslm@slate.com
Owen,Trowl,otrowlln@ucsd.edu
Antonina,Shave,ashavelo@list-manage.com
Tessie,A'Barrow,tabarrowlp@uiuc.edu
Lukas,Gligori,lgligorilq@123-reg.co.uk
Kellsie,Turney,kturneylr@bizjournals.com
Nevil,Skeete,nskeetels@posterous.com
Beniamino,Jeffery,bjefferylt@mozilla.com
Keelia,Sandbatch,ksandbatchlu@bizjournals.com
Adriena,Chilvers,achilverslv@epa.gov
Delmore,Guiduzzi,dguiduzzilw@ocn.ne.jp
Felix,Crossfield,fcrossfieldlx@nifty.com
Anita,Dorber,adorberly@umich.edu
Bartholomeus,Scholz,bscholzlz@nydailynews.com
Magnum,Scud,mscudm0@hexun.com
Naomi,Grog,ngrogm1@discovery.com
Allyce,Panchen,apanchenm2@constantcontact.com
Flint,Gilding,fgildingm3@washington.edu
Flinn,Penwright,fpenwrightm4@free.fr
Walker,LeEstut,wleestutm5@usgs.gov
Orran,Sarfatti,osarfattim6@sciencedirect.com
Link,MacDuffie,lmacduffiem7@telegraph.co.uk
Raynell,Bareham,rbarehamm8@bluehost.com
Nahum,Woolmer,nwoolmerm9@163.com
Gustave,Brixey,gbrixeyma@slashdot.org
Charlton,Barwell,cbarwellmb@springer.com
Dael,Waddoups,dwaddoupsmc@phpbb.com
Milka,Darrigoe,mdarrigoemd@histats.com
La verne,Knowlman,lknowlmanme@twitter.com
Flora,Clowser,fclowsermf@google.cn
Dorri,Reyne,dreynemg@usatoday.com
Sharlene,Zannutti,szannuttimh@geocities.jp
Dorie,Piff,dpiffmi@nba.com
Martha,Gyurko,mgyurkomj@github.io
Edy,Chivrall,echivrallmk@accuweather.com
Porty,Keatch,pkeatchml@usgs.gov
Shalne,Langstone,slangstonemm@vkontakte.ru
Mar,Blasing,mblasingmn@mayoclinic.com
Garold,Voisey,gvoiseymo@yellowbook.com
Lena,Moring,lmoringmp@blogger.com
Raffarty,Scandwright,rscandwrightmq@google.ca
Sheffie,Oxshott,soxshottmr@epa.gov
Tabby,Brenston,tbrenstonms@dyndns.org
Mile,Le Guin,mleguinmt@rediff.com
Augustin,Franzen,afranzenmu@aol.com
Roxi,Sumpter,rsumptermv@instagram.com
Darla,Blomefield,dblomefieldmw@nba.com
Johannes,Pooley,jpooleymx@zimbio.com
Darsie,Easum,deasummy@google.com
Ebba,Bowller,ebowllermz@mac.com
Brier,Corstan,bcorstann0@arizona.edu
Kristoforo,Lelande,klelanden1@smugmug.com
Franky,Miller,fmillern2@ycombinator.com
Collete,Moule,cmoulen3@sciencedirect.com
Isa,Warhurst,iwarhurstn4@nasa.gov
Beatriz,Popping,bpoppingn5@umn.edu
Claire,Emloch,cemlochn6@google.fr
Brod,Vassie,bvassien7@goo.gl
Chere,Wetherhead,cwetherheadn8@bluehost.com
Ahmed,Currm,acurrmn9@mozilla.org
Saidee,Mylechreest,smylechreestna@php.net
Granny,Beel,gbeelnb@wordpress.org
Nicky,Brimblecombe,nbrimblecombenc@webnode.com
Amye,Lindholm,alindholmnd@loc.gov
Barnard,Sevior,bseviorne@cdbaby.com
Reggis,Loy,rloynf@exblog.jp
Evered,Thurman,ethurmanng@csmonitor.com
Myrtie,Cracknell,mcracknellnh@princeton.edu
Gabriela,Hartfield,ghartfieldni@list-manage.com
Juliann,Isham,jishamnj@photobucket.com
Kevyn,Jenman,kjenmannk@artisteer.com
Arlen,Farnworth,afarnworthnl@scientificamerican.com
David,Girardy,dgirardynm@networkadvertising.org
Kitti,Perfect,kperfectnn@theguardian.com
Raychel,Dicker,rdickerno@ocn.ne.jp
Deonne,Levitt,dlevittnp@wikispaces.com
Normy,Howsego,nhowsegonq@sourceforge.net
Langsdon,Sturch,lsturchnr@freewebs.com
Adrien,Como,acomons@bing.com
Stanly,Buterton,sbutertonnt@usgs.gov
Kane,Snodin,ksnodinnu@chronoengine.com
Raquela,Seagar,rseagarnv@altervista.org
Phillida,Kopelman,pkopelmannw@foxnews.com
Loretta,Beecroft,lbeecroftnx@yelp.com
Krista,Norquoy,knorquoyny@taobao.com
Angus,Blasio,ablasionz@telegraph.co.uk
Christian,Gowry,cgowryo0@who.int
Carlina,Peers,cpeerso1@ovh.net
Hestia,Burnhams,hburnhamso2@japanpost.jp
Billy,Woodwing,bwoodwingo3@amazon.de
Janka,Vasiljevic,jvasiljevico4@cnn.com
Rianon,Sprague,rspragueo5@123-reg.co.uk
Derk,Rougier,drougiero6@github.io
Charissa,MacRannell,cmacrannello7@techcrunch.com
Ulysses,Stoade,ustoadeo8@boston.com
Patrick,Matusevich,pmatusevicho9@patch.com
Amandy,Applegate,aapplegateoa@elpais.com
Orelee,Keppy,okeppyob@desdev.cn
Celle,Waterfall,cwaterfalloc@cam.ac.uk
Bren,Hyams,bhyamsod@pbs.org
Lanni,McBryde,lmcbrydeoe@statcounter.com
Glenden,Trewin,gtrewinof@unesco.org
Keelia,Ricci,kricciog@fda.gov
Sydel,Locker,slockeroh@miibeian.gov.cn
Gabriel,Fortin,gfortinoi@npr.org
Jade,Sapp,jsappoj@fc2.com
Julianne,Klima,jklimaok@wp.com
Faustina,Bester,fbesterol@cafepress.com
Kameko,Trawin,ktrawinom@deviantart.com
Curr,Degg,cdeggon@army.mil
Vanessa,Kettlestring,vkettlestringoo@usgs.gov
Rafi,Tregunna,rtregunnaop@sourceforge.net
Berna,Acum,bacumoq@cam.ac.uk
Selia,Whiteford,swhitefordor@4shared.com
Bevvy,Stearn,bstearnos@blinklist.com
Taddeo,Brunsden,tbrunsdenot@weebly.com
Dasi,Cotgrove,dcotgroveou@free.fr
Somerset,Champley,schampleyov@jiathis.com
Ryon,Lorans,rloransow@seattletimes.com
Ileana,Slym,islymox@furl.net
Beilul,Gilloran,bgilloranoy@upenn.edu
Reta,Baxendale,rbaxendaleoz@yellowpages.com
Beverie,Doerrling,bdoerrlingp0@cafepress.com
Arlyn,McBratney,amcbratneyp1@blogtalkradio.com
Ferdy,Siley,fsileyp2@t.co
Felita,Lyttle,flyttlep3@t-online.de
Aleda,cornhill,acornhillp4@sun.com
Daveen,Drife,ddrifep5@ustream.tv
Orelle,Devany,odevanyp6@instagram.com
Lorine,Bodle,lbodlep7@hao123.com
Birgitta,Yanov,byanovp8@de.vu
Margalit,Swayne,mswaynep9@businessinsider.com
Corina,Cutteridge,ccutteridgepa@imdb.com
Teresina,Jaouen,tjaouenpb@infoseek.co.jp
Barnie,Foale,bfoalepc@pagesperso-orange.fr
Faydra,Shafe,fshafepd@yellowbook.com
Julissa,Dudson,jdudsonpe@baidu.com
Osborne,McNaughton,omcnaughtonpf@slashdot.org
Oralee,Chateau,ochateaupg@buzzfeed.com
Lindsey,Lewknor,llewknorph@berkeley.edu
Jane,Corter,jcorterpi@dmoz.org
Coop,Wenderoth,cwenderothpj@digg.com
Lorilyn,McDiarmid,lmcdiarmidpk@ask.com
Fraze,Eatock,featockpl@cyberchimps.com
Christa,Buggy,cbuggypm@seesaa.net
Elayne,Gyngyll,egyngyllpn@bloglines.com
Morena,Dubs,mdubspo@privacy.gov.au
Giffy,Esley,gesleypp@latimes.com
Gerda,Judge,gjudgepq@google.com
Salomi,Simonds,ssimondspr@epa.gov
Mikey,Haseley,mhaseleyps@ning.com
Mariquilla,Nottingam,mnottingampt@google.com.au
Christean,Donoher,cdonoherpu@geocities.com
Elnora,Gladbach,egladbachpv@4shared.com
Joanne,Pascow,jpascowpw@gizmodo.com
Linnell,Bortoli,lbortolipx@dot.gov
Enid,Iacovaccio,eiacovacciopy@wordpress.org
Anna-maria,Strippel,astrippelpz@cyberchimps.com
Terrance,Boggs,tboggsq0@go.com
Elene,Oslar,eoslarq1@ezinearticles.com
Jule,Addams,jaddamsq2@shareasale.com
Evvy,Gribbin,egribbinq3@berkeley.edu
Kerrin,Gehringer,kgehringerq4@fc2.com
Ruperto,Janauschek,rjanauschekq5@independent.co.uk
Tremain,Bullimore,tbullimoreq6@umn.edu
Amabel,Cridland,acridlandq7@techcrunch.com
Kerk,Honeyghan,khoneyghanq8@google.ca
Cicely,Gyenes,cgyenesq9@e-recht24.de
Chariot,Selwyne,cselwyneqa@amazon.co.jp
Geno,Healing,ghealingqb@cornell.edu
Vic,Kenson,vkensonqc@1und1.de
Hesther,Minero,hmineroqd@wordpress.org
Cahra,Szymanzyk,cszymanzykqe@ebay.com
Alta,Vela,avelaqf@foxnews.com
Osborn,Hurtic,ohurticqg@sphinn.com
Verena,Klemencic,vklemencicqh@fc2.com
Dene,Van der Beek,dvanderbeekqi@reuters.com
Cecilla,Tearney,ctearneyqj@unc.edu
Ingaberg,Barukh,ibarukhqk@statcounter.com
Madelene,Meric,mmericql@guardian.co.uk
Kennith,Cocke,kcockeqm@wordpress.org
Calypso,Arrowsmith,carrowsmithqn@shop-pro.jp
Lotta,Stallan,lstallanqo@ox.ac.uk
Laurence,Zellner,lzellnerqp@sogou.com
Evelin,Atterley,eatterleyqq@chron.com
Elfie,Kerslake,ekerslakeqr@biblegateway.com
Shela,McClaughlin,smcclaughlinqs@admin.ch
Vanda,Segrave,vsegraveqt@adobe.com
Alia,Shuxsmith,ashuxsmithqu@ebay.com
Gray,Diggar,gdiggarqv@dion.ne.jp
Chadd,Bruster,cbrusterqw@com.com
Danyette,Charker,dcharkerqx@elegantthemes.com
Pammi,Michelin,pmichelinqy@clickbank.net
Aileen,Twinborne,atwinborneqz@ustream.tv
Babs,holmes,bholmesr0@squarespace.com
Rayna,Cheyne,rcheyner1@forbes.com
Robinette,Kennedy,rkennedyr2@hud.gov
Mahala,Quarterman,mquartermanr3@go.com
Caron,Fewings,cfewingsr4@wisc.edu
Fancie,Palatino,fpalatinor5@spiegel.de
Robbie,Barracks,rbarracksr6@oaic.gov.au
Giorgi,Rummer,grummerr7@hostgator.com
Lonni,Betho,lbethor8@fastcompany.com
Gawen,Keyhoe,gkeyhoer9@cloudflare.com
Bianka,Benley,bbenleyra@friendfeed.com
Lindy,Armatys,larmatysrb@sitemeter.com
Ephrayim,De Vile,edevilerc@weibo.com
Fawne,Shilvock,fshilvockrd@google.es
Carole,Duffus,cduffusre@indiegogo.com
Cordie,Camden,ccamdenrf@hud.gov
Charles,Caps,ccapsrg@gmpg.org
Nicholas,Rouby,nroubyrh@senate.gov
Frederique,Chalcroft,fchalcroftri@earthlink.net
Randolph,Sandilands,rsandilandsrj@seattletimes.com
Maxi,Vail,mvailrk@noaa.gov
Kenneth,Joire,kjoirerl@newsvine.com
Ed,Rudeyeard,erudeyeardrm@sphinn.com
Ginny,Dunlap,gdunlaprn@unesco.org
Maud,Common,mcommonro@cargocollective.com
Antonius,Vedenyapin,avedenyapinrp@hugedomains.com
Mae,Blankett,mblankettrq@bloglines.com
Silvie,Marwick,smarwickrr@usa.gov
